id,name,city,country,continent,region,lon,lat,rank
BCN,Barcelona–El Prat,Barcelona,Spain,Europe,Southern Europe,2.078333,41.296944,5
MAD,Adolfo Suárez Madrid–Barajas,Madrid,Spain,Europe,Southern Europe,-3.566667,40.493611,5
TLV,Ben Gurion,Tel Aviv,Israel,Asia,Western Asia,34.880556,32.007222,6
CAI,Cairo International,Cairo,Egypt,Africa,Northern Africa,31.405556,30.121944,12
DEL,Indira Gandhi International,New Delhi,India,Asia,Southern Asia,77.103056,28.566389,13
FCO,Leonardo da Vinci–Fiumicino Airport,Rome,Italy,Europe,Southern Europe,12.238889,41.800278,15
ATH,Athens International,Athens,Greece,Europe,Southern Europe,23.944444,37.936389,17
LGW,Gatwick,London,United Kingdom,Europe,Northern Europe,-0.190278,51.148056,18
JED,King Abdulaziz International,Jeddah,Saudi Arabia,Asia,Western Asia,39.156667,21.679444,20
BUD,Budapest Ferenc Liszt International,Budapest,Hungary,Europe,Central Europe,19.255556,47.436944,21
ORY,Paris Orly,Paris,France,Europe,Western Europe,2.379444,48.723333,21
LHR,Heathrow,London,United Kingdom,Europe,Northern Europe,-0.461389,51.4775,22
LIS,Lisbon Portela,Lisbon,Portugal,Europe,Southern Europe,-9.134167,38.774167,22
CDG,Charles de Gaulle Airport,Paris,France,Europe,Western Europe,2.547778,49.009722,23
IST,Istanbul Airport,Istanbul,Turkey,Asia,Western Asia,28.751944,41.275278,25
AMS,Amsterdam Airport Schiphol,Amsterdam,Netherlands,Europe,Western Europe,4.764167,52.308056,26
CMN,Mohammed V International,Casablanca,Morocco,Africa,Northern Africa,-7.59,33.3675,27
SAW,Sabiha Gökçen International,Istanbul,Turkey,Asia,Western Asia,29.309167,40.898611,28
TIA,Tirana International Airport Nënë Tereza,Tirana,Albania,Europe,Southern Europe,19.720833,41.415,29
CPH,Airport Copenhagen,Copenhagen,Denmark,Europe,Northern Europe,12.650278,55.620278,29
MXP,Milan–Malpensa,Milan,Italy,Europe,Southern Europe,8.723056,45.63,31
RUH,King Khalid International,Riyadh,Saudi Arabia,Asia,Western Asia,46.698889,24.957778,32
STN,London Stansted,London,United Kingdom,Europe,Northern Europe,0.235,51.885,33
WAW,Warsaw Chopin,Warsaw,Poland,Europe,Central Europe,20.967222,52.165833,34
DUB,Dublin,Dublin,Ireland,Europe,Northern Europe,-6.27,53.421389,35
DXB,Dubai International,Dubai,United Arab Emirates,Asia,Western Asia,55.364444,25.252778,36
BER,Berlin Brandenburg,Berlin,Germany,Europe,Central Europe,13.503333,52.366667,37
VIE,Vienna International Airport,Vienna,Austria,Europe,Central Europe,16.578056,48.110278,39
PRG,Václav Havel Airport Prague,Prague,Czechia,Europe,Central Europe,14.26,50.100833,41
OTP,Henri Coandă International,Bucharest,Romania,Europe,Eastern Europe,26.102222,44.572222,42
BOM,Chhatrapati Shivaji International,Mumbai,India,Asia,Southern Asia,72.868056,19.088611,43
AGP,Málaga,Málaga,Spain,Europe,Southern Europe,-4.499167,36.675,47
MAN,Manchester,Manchester,United Kingdom,Europe,Northern Europe,-2.275,53.353611,49
NBO,Jomo Kenyatta International,Nairobi,Kenya,Africa,Eastern Africa,36.927778,-1.319167,50
FRA,Frankfurt International Airport,Frankfurt,Germany,Europe,Central Europe,8.570556,50.033056,52
AMM,Queen Alia International,Amman,Jordan,Asia,Western Asia,35.993333,31.7225,52
RAK,Marrakesh Menara,Marrakesh,Morocco,Africa,Northern Africa,-8.036389,31.606944,53
LTN,Luton,London,United Kingdom,Europe,Northern Europe,-0.368333,51.874722,54
TBS,Tbilisi International,Tbilisi,Georgia,Asia,Western Asia,44.954722,41.669167,55
AMD,Sardar Vallabhbhai Patel International,Ahmedabad,India,Asia,Southern Asia,72.634722,23.077222,56
PMI,Palma de Mallorca,"Palma, Majorca",Spain,Europe,Southern Europe,2.738889,39.551667,57
LOS,Murtala Muhammed International,Lagos,Nigeria,Africa,Western Africa,3.321111,6.5775,59
ARN,Stockholm Arlanda,Stockholm,Sweden,Europe,Northern Europe,17.918611,59.651944,60
RMO,Chișinău International,Chișinău,Moldova,Europe,Eastern Europe,28.9349,46.9352,67
BEG,Belgrade Nikola Tesla,Belgrade,Serbia,Europe,Southern Europe,20.309167,44.818333,68
LHE,Allama Iqbal International,Lahore,Pakistan,Asia,Southern Asia,74.403611,31.521667,68
MUC,Munich,Munich,Germany,Europe,Central Europe,11.786111,48.353889,71
KWI,Kuwait International,Kuwait City,Kuwait,Asia,Western Asia,47.968889,29.226667,72
IBZ,Ibiza,Ibiza,Spain,Europe,Southern Europe,1.373056,38.872778,73
LCA,Larnaca International,Larnaca,Cyprus,Europe,Southern Europe,33.624722,34.875,73
SOF,Sofia,Sofia,Bulgaria,Europe,Eastern Europe,23.406111,42.695278,75
HEL,Helsinki,Helsinki,Finland,Europe,Northern Europe,24.963333,60.317222,76
BEY,Beirut–Rafic Hariri International,Beirut,Lebanon,Asia,Western Asia,35.488333,33.820833,76
EVN,Zvartnots International,Yerevan,Armenia,Asia,Western Asia,44.395833,40.147222,77
SVQ,Seville,Seville,Spain,Europe,Southern Europe,-5.893056,37.418056,77
BVA,Beauvais–Tillé,Paris,France,Europe,Western Europe,2.112778,49.454444,78
OPO,Porto,Porto,Portugal,Europe,Southern Europe,-8.678056,41.235556,78
MLA,Malta International,Malta,Malta,Europe,Southern Europe,14.4775,35.8575,79
ALC,Alicante–Elche,Alicante,Spain,Europe,Southern Europe,-0.558056,38.282222,79
KRK,John Paul II International Airport Kraków–Balice,Kraków,Poland,Europe,Central Europe,19.784722,50.077778,80
ISB,Islamabad International Airport,Islamabad,Pakistan,Asia,Southern Asia,72.826754,33.55126,80
BRU,Brussels,Brussels,Belgium,Europe,Western Europe,4.484444,50.901389,82
KHI,Jinnah International,Karachi,Pakistan,Asia,Southern Asia,67.160833,24.906667,82
EDI,Edinburgh Airport,Edinburgh,United Kingdom,Europe,Northern Europe,-3.3725,55.95,83
DUS,Düsseldorf International Airport,Düsseldorf,Germany,Europe,Central Europe,6.766667,51.289444,84
BGY,Milan Bergamo International Airport,Milan,Italy,Europe,Southern Europe,9.700278,45.668889,86
VLC,Valencia,Valencia,Spain,Europe,Southern Europe,-0.481667,39.489444,86
ACC,Kotoka International,Accra,Ghana,Africa,Western Africa,-0.166667,5.605278,87
VCE,Venice Marco Polo,Venice,Italy,Europe,Southern Europe,12.351944,45.505278,88
MED,Prince Mohammad bin Abdulaziz,Medina,Saudi Arabia,Asia,Western Asia,39.705,24.553333,90
VNO,Vilnius,Vilnius,Lithuania,Europe,Northern Europe,25.285833,54.634167,91
KEF,Keflavík International,Reykjavik,Iceland,Europe,Northern Europe,-22.605556,63.985,91
GYD,Heydar Aliyev International,Baku,Azerbaijan,Asia,Western Asia,50.046667,40.4675,92
OSL,"Oslo Airport, Gardermoen",Oslo,Norway,Europe,Northern Europe,11.100278,60.193889,93
ZRH,Zürich Airport,Zürich,Switzerland,Europe,Central Europe,8.549167,47.464722,95
PMO,Falcone–Borsellino,Palermo,Italy,Europe,Southern Europe,13.099444,38.181944,95
DOH,Hamad International,Doha,Qatar,Asia,Western Asia,51.608333,25.274444,96
TUN,Tunis–Carthage International,Tunis,Tunisia,Africa,Northern Africa,10.227222,36.851111,97
DMM,King Fahd International,Dammam,Saudi Arabia,Asia,Western Asia,49.797778,26.471111,97
AYT,Antalya,Antalya,Turkey,Asia,Western Asia,30.800556,36.898611,98
TAS,Tashkent International,Tashkent,Uzbekistan,Asia,Central Asia,69.281111,41.257778,101
NAP,Naples International,Naples,Italy,Europe,Southern Europe,14.290833,40.884444,103
CTA,Catania–Fontanarossa,Catania,Italy,Europe,Southern Europe,15.063889,37.466667,104
MCT,Muscat International,Muscat,Oman,Asia,Western Asia,58.281667,23.592778,104
CRL,Brussels South Charleroi,Brussels,Belgium,Europe,Western Europe,4.453889,50.459167,105
NCE,Nice Côte d Azur International,Nice,France,Europe,Western Europe,7.215,43.665278,107
AUH,Zayed International Airport,Abu Dhabi,United Arab Emirates,Asia,Western Asia,54.651111,24.433056,109
RIX,Riga International,Riga,Latvia,Europe,Northern Europe,23.971111,56.923611,112
HAM,Hamburg,Hamburg,Germany,Europe,Central Europe,9.988333,53.630278,113
WMI,Warsaw Modlin,Warsaw,Poland,Europe,Central Europe,20.651667,52.451111,115
FLR,Florence,Florence,Italy,Europe,Southern Europe,11.202778,43.808611,116
BGW,Baghdad International,Baghdad,Iraq,Asia,Western Asia,44.234444,33.2625,117
DAM,Damascus International,Damascus,Syria,Asia,Southern Asia,36.514167,33.410556,118
HRG,Hurghada International,Hurghada,Egypt,Africa,Northern Africa,33.801389,27.178611,123
LPA,Gran Canaria,Las Palmas,Spain,Europe,Southern Europe,-15.386667,27.931944,130
EBL,Erbil International,Erbil,Iraq,Asia,Western Asia,43.963056,36.237778,139
JTR,Santorini (Thira) National,Santorini,Greece,Europe,Southern Europe,25.479444,36.399167,140
ABV,Nnamdi Azikiwe International,Abuja,Nigeria,Africa,Western Africa,7.263056,9.006667,141
GVA,Geneva,Geneva,Switzerland,Europe,Central Europe,6.108889,46.238056,145
BHX,Birmingham,Birmingham,United Kingdom,Europe,Northern Europe,-1.747778,52.453611,147
STR,Stuttgart,Stuttgart,Germany,Europe,Central Europe,9.221944,48.69,148
AGA,Agadir–Al Massira,Agadir,Morocco,Africa,Northern Africa,-9.413056,30.325,150
SSH,Sharm el-Sheikh International,Sharm El Sheikh,Egypt,Africa,Northern Africa,34.395,27.977222,152
BLQ,Bologna Guglielmo Marconi,Bologna,Italy,Europe,Southern Europe,11.296944,44.530833,154
ATQ,Sri Guru Ram Dass Jee International,Amritsar,India,Asia,Southern Asia,74.797222,31.709722,155
KBL,Hamid Karzai International,Kabul,Afghanistan,Asia,Southern Asia,69.2125,34.565833,157
SKG,Thessaloniki International Airport Macedonia,Thessaloniki,Greece,Europe,Southern Europe,22.970833,40.519722,158
CGN,Cologne Bonn Airport,Cologne,Germany,Europe,Central Europe,7.142778,50.865833,160
ADD,Addis Ababa Bole International,Addis Ababa,Ethiopia,Africa,Eastern Africa,38.799444,8.977778,161
SKP,Skopje Alexander the Great,Skopje,Republic of North Macedonia,Europe,Southern Europe,21.621389,41.961667,167
PRN,Pristina International,Pristina,Kosovo,Europe,Southern Europe,21.035833,42.572778,169
MRS,Marseille Provence,Marseille,France,Europe,Western Europe,5.215,43.436667,170
ZAG,Zagreb,Zagreb,Croatia,Europe,Southern Europe,16.068889,45.743056,173
TNG,Tangier Ibn Battouta,Tangier,Morocco,Africa,Northern Africa,-5.916944,35.726944,176
ALG,Houari Boumediene,Algiers,Algeria,Africa,Northern Africa,3.214722,36.694167,177
DSS,Blaise Diagne International Airport,Dakar,Senegal,Africa,Western Africa,-17.066944,14.671111,179
TFS,Tenerife–South,Tenerife,Spain,Europe,Southern Europe,-16.5725,28.044444,180
TLL,Tallinn,Tallinn,Estonia,Europe,Northern Europe,24.8325,59.413333,185
BIO,Bilbao,Bilbao,Spain,Europe,Southern Europe,-2.910556,43.301111,186
FAO,Faro,Faro,Portugal,Europe,Southern Europe,-7.965833,37.014444,192
TGD,Podgorica,Podgorica,Montenegro,Europe,Southern Europe,19.251944,42.359444,195
GDN,Gdańsk Lech Wałęsa,Gdańsk,Poland,Europe,Central Europe,18.466111,54.3775,196
CIA,Ciampino–G. B. Pastine International,Rome,Italy,Europe,Southern Europe,12.595,41.798889,198
BTS,Bratislava Airport,Bratislava,Slovakia,Europe,Central Europe,17.212778,48.170278,203
BRI,Bari Karol Wojtyła,Bari,Italy,Europe,Southern Europe,16.765,41.138056,206
RHO,Rhodes International,Rhodes,Greece,Europe,Southern Europe,28.086111,36.405556,212
FNC,Cristiano Ronaldo International,Funchal,Portugal,Europe,Southern Europe,-16.778056,32.694167,213
ALA,Almaty International,Almaty,Kazakhstan,Asia,Central Asia,77.042222,43.353333,217
EBB,Entebbe International,Entebbe,Uganda,Africa,Eastern Africa,32.443611,0.0425,218
HER,Heraklion International,Heraklion,Greece,Europe,Southern Europe,25.180278,35.339722,226
DBV,Dubrovnik,Dubrovnik,Croatia,Europe,Southern Europe,18.268333,42.561389,228
KUT,David the Builder Kutaisi International,Kutaisi,Georgia,Asia,Western Asia,42.4825,42.176667,242
ESB,Esenboğa International,Ankara,Turkey,Asia,Western Asia,32.995,40.128056,245
GLA,Glasgow,Glasgow,United Kingdom,Europe,Northern Europe,-4.433333,55.871944,248
LUX,Luxembourg,Luxembourg,Luxembourg,Europe,Western Europe,6.204444,49.623333,249
PSA,Pisa International,Pisa,Italy,Europe,Southern Europe,10.395556,43.682778,251
BAH,Bahrain International,Manama,Bahrain,Asia,Western Asia,50.633611,26.270833,252
SPX,Sphinx International Airport,Giza,Egypt,Africa,Northern Africa,30.894444,30.109722,253
SPU,Split,Split,Croatia,Europe,Southern Europe,16.298056,43.538889,255
CLJ,Cluj International,Cluj-Napoca,Romania,Europe,Eastern Europe,23.686111,46.785278,256
TFN,Tenerife-North,Tenerife,Spain,Europe,Southern Europe,-16.341667,28.482778,257
BSL,EuroAirport Basel Mulhouse Freiburg,Basel,Switzerland,Europe,Central Europe,7.521667,47.601111,263
RBA,Rabat–Salé,Rabat,Morocco,Africa,Northern Africa,-6.751389,34.051389,264
ADB,Adnan Menderes,İzmir,Turkey,Asia,Western Asia,27.156944,38.2925,265
BJL,Banjul International,Banjul,Gambia,Africa,Western Africa,-16.652222,13.338056,266
CFU,Corfu International,Corfu,Greece,Europe,Southern Europe,19.911667,39.601944,270
GOT,Göteborg Landvetter,Gothenburg,Sweden,Europe,Northern Europe,12.279722,57.662778,271
SCQ,Santiago de Compostela,Santiago de Compostela,Spain,Europe,Southern Europe,-8.415278,42.896389,274
SJJ,Sarajevo International,Sarajevo,Bosnia & Herzegovina,Europe,Southern Europe,18.331389,43.824722,278
HHN,Frankfurt–Hahn,Frankfurt,Germany,Europe,Central Europe,7.263889,49.948611,279
DLA,Douala International,Douala,Cameroon,Africa,Central Africa,9.719444,4.006111,285
LYS,Lyon–Saint-Exupéry,Lyon,France,Europe,Western Europe,5.081111,45.725556,286
SHJ,Sharjah International,Dubai,United Arab Emirates,Asia,Western Asia,55.517222,25.328611,290
PFO,Paphos International,Paphos,Cyprus,Europe,Southern Europe,32.485833,34.718056,293
BGO,"Bergen Airport, Flesland",Bergen,Norway,Europe,Northern Europe,5.218056,60.293333,294
TSF,Treviso,Venice,Italy,Europe,Southern Europe,12.197778,45.650833,295
CHQ,Chania International,Chania,Greece,Europe,Southern Europe,24.149722,35.531667,297
BSZ,Manas International Airport,Bishkek,Kyrgyzstan,Asia,Central Asia,74.4775,43.061389,299
EIN,Eindhoven,Eindhoven,Netherlands,Europe,Western Europe,5.374444,51.45,304
TLS,Toulouse–Blagnac,Toulouse,France,Europe,Western Europe,1.367778,43.635,305
LKO,Chaudhary Charan Singh International,Lucknow,India,Asia,Southern Asia,80.889444,26.760556,307
ABJ,Port Bouet,Abidjan,Côte d’Ivoire,Africa,Western Africa,-3.926389,5.261389,309
BUS,Batumi International,Batumi,Georgia,Asia,Western Asia,41.599722,41.610278,310
KGL,Kigali International,Kigali,Rwanda,Africa,Eastern Africa,30.139444,-1.968611,313
TOS,"Tromsø Airport, Langnes",Tromsø,Norway,Europe,Northern Europe,18.918889,69.683333,314
WRO,Copernicus Airport Wrocław,Wrocław,Poland,Europe,Central Europe,16.885833,51.102778,317
BRS,Bristol,Bristol,United Kingdom,Europe,Northern Europe,-2.718889,51.3825,322
JMK,Mykonos Island National,Mykonos,Greece,Europe,Southern Europe,25.348056,37.435,337
RVN,Rovaniemi,Rovaniemi,Finland,Europe,Northern Europe,25.830278,66.564722,338
CKY,Conakry International,Conakry,Guinea,Africa,Western Africa,-13.611944,9.576944,340
KUN,Kaunas,Kaunas,Lithuania,Europe,Northern Europe,24.084722,54.963889,341
FEZ,Fès–Saïs,Fes,Morocco,Africa,Northern Africa,-4.978056,33.927222,342
ADJ,Amman-Marka International Airport,Amman,Jordan,Asia,Western Asia,35.9916,31.9727,345
FMM,Memmingen,Memmingen,Germany,Europe,Central Europe,10.2375,47.988056,346
GRX,Federico García Lorca,Granada,Spain,Europe,Southern Europe,-3.777222,37.188611,347
ECN,Ercan International,Northern Cyprus,Unknown Region,Asia,Western Asia,33.488333,35.159722,349
BOD,Bordeaux–Mérignac,Bordeaux,France,Europe,Western Europe,-0.715278,44.828611,356
LJU,Ljubljana Jože Pučnik,Ljubljana,Slovenia,Europe,Southern Europe,14.4575,46.223611,357
LIN,Linate,Milan,Italy,Europe,Southern Europe,9.278333,45.449444,360
TZX,Trabzon,Trabzon,Turkey,Asia,Western Asia,39.789722,40.995,365
NUE,Nuremberg,Nuremberg,Germany,Europe,Central Europe,11.066944,49.498611,366
TRN,Turin,Turin,Italy,Europe,Southern Europe,7.649444,45.2025,368
ALP,Aleppo International Airport,Aleppo,Syria,Asia,Southern Asia,37.2244,36.180698,369
NTE,Nantes Atlantique,Nantes,France,Europe,Western Europe,-1.607778,47.156944,370
ACE,Lanzarote,Lanzarote,Spain,Europe,Southern Europe,-13.605278,28.945556,372
NKC,Nouakchott International,Nouakchott,Mauritania,Africa,Western Africa,-15.948056,18.097778,376
KTW,Katowice International,Katowice,Poland,Europe,Central Europe,19.08,50.474167,378
NCL,Newcastle,Newcastle upon Tyne,United Kingdom,Europe,Northern Europe,-1.691667,55.0375,385
ROB,Roberts International,Monrovia,Liberia,Africa,Western Africa,-10.362222,6.233889,387
BBU,Baneasa International Airport,Bucharest,Romania,Europe,Eastern Europe,26.1021,44.503201,388
SVG,"Stavanger Airport, Sola",Stavanger,Norway,Europe,Northern Europe,5.637778,58.876667,391
OLB,Olbia Costa Smeralda,Olbia,Italy,Europe,Southern Europe,9.517778,40.898611,392
IAS,Iași International,Iași,Romania,Europe,Eastern Europe,27.620556,47.178611,396
POZ,Poznań–Ławica,Poznań,Poland,Europe,Central Europe,16.826389,52.421111,397
AHB,Abha Regional,Abha,Saudi Arabia,Asia,Western Asia,42.656667,18.240278,398
HAJ,Hannover,Hanover,Germany,Europe,Central Europe,9.689444,52.460556,401
TRF,"Sandefjord Airport, Torp",Oslo,Norway,Europe,Northern Europe,10.258611,59.186667,406
BDQ,Vadodara,Vadodara,India,Asia,Southern Asia,73.226389,22.336111,409
LXR,Luxor International,Luxor,Egypt,Africa,Northern Africa,32.706667,25.671111,410
PKR,Pokhara,Pokhara,Nepal,Asia,Southern Asia,83.981389,28.200556,411
ALY,Alexandria International Airport,Alexandria,Egypt,Africa,Northern Africa,29.69561,30.918379,415
DLM,Dalaman,Dalaman,Turkey,Asia,Western Asia,28.7925,36.713056,424
NRN,Weeze,Düsseldorf,Germany,Europe,Central Europe,6.142222,51.6025,425
BKO,Bamako–Sénou International,Bamako,Mali,Africa,Western Africa,-7.95,12.533611,426
CAG,Cagliari Elmas,Cagliari,Italy,Europe,Southern Europe,9.057778,39.251389,432
COV,Cukurova International Airport,Mersin,Turkey,Asia,Western Asia,35.0675,36.896944,434
ARK,Arusha,Arusha,Tanzania,Africa,Eastern Africa,36.625,-3.367222,442
ORN,Oran Es Sénia,Oran,Algeria,Africa,Northern Africa,-0.621111,35.623889,443
RAI,Nelson Mandela International,Praia,Cape Verde,Africa,Western Africa,-23.484722,14.941389,445
LPL,Liverpool John Lennon,Liverpool,United Kingdom,Europe,Northern Europe,-2.849722,53.333611,448
TUU,Tabuk Regional,Tabuk,Saudi Arabia,Asia,Western Asia,36.618889,28.365556,449
VAR,Varna,Varna,Bulgaria,Europe,Eastern Europe,27.825,43.231944,451
PDL,João Paulo II,Ponta Delgada,Portugal,Europe,Southern Europe,-25.697778,37.741111,453
HMB,Sohag International,Sohag,Egypt,Africa,Northern Africa,31.742778,26.342778,456
DTM,Dortmund,Dortmund,Germany,Europe,Central Europe,7.612222,51.518333,457
LBA,Leeds Bradford,Leeds,United Kingdom,Europe,Northern Europe,-1.660556,53.865833,459
TIV,Tivat,Tivat,Montenegro,Europe,Southern Europe,18.723333,42.404722,462
ISU,Sulaimaniyah International,Sulaymaniyah,Iraq,Asia,Western Asia,45.315833,35.5625,463
MUX,Multan International,Multan,Pakistan,Asia,Southern Asia,71.419167,30.203333,464
SKT,Sialkot International,Sialkot,Pakistan,Asia,Southern Asia,74.363889,32.535278,467
PNQ,Pune,Pune,India,Asia,Southern Asia,73.919722,18.582222,470
KIS,Kisumu International,Kisumu,Kenya,Africa,Eastern Africa,34.729722,-0.085556,471
MAH,Menorca,Menorca,Spain,Europe,Southern Europe,4.218611,39.8625,473
NQZ,Nursultan Nazarbayev International Airport,Astana,Kazakhstan,Asia,Central Asia,71.466944,51.023056,474
VRN,Verona Villafranca,Verona,Italy,Europe,Southern Europe,10.888056,45.396389,475
TSR,Timișoara Traian Vuia International,Timișoara,Romania,Europe,Eastern Europe,21.337778,45.81,479
YYT,St. John's International,St. John s,Canada,North America,Northern America,-52.751944,47.618611,485
RZE,Rzeszów–Jasionka,Rzeszów,Poland,Europe,Central Europe,22.018889,50.11,487
BLL,Billund,Billund,Denmark,Europe,Northern Europe,9.151667,55.740278,489
GOA,Genoa Cristoforo Colombo,Genoa,Italy,Europe,Southern Europe,8.8375,44.413333,491
BJV,Milas–Bodrum,Bodrum,Turkey,Asia,Western Asia,27.664444,37.250556,495
ETM,Ramon Airport,Eilat,Israel,Asia,Western Asia,35.011417,29.723694,498
GZT,Oğuzeli,Gaziantep,Turkey,Asia,Western Asia,37.478611,36.947222,499
BOJ,Burgas,Burgas,Bulgaria,Europe,Eastern Europe,27.515278,42.569722,502
VGO,Vigo–Peinador,Vigo,Spain,Europe,Southern Europe,-8.626667,42.231667,507
ZAD,Zadar,Zadar,Croatia,Europe,Southern Europe,15.346667,44.108333,508
BFS,Belfast International,Belfast,United Kingdom,Europe,Northern Europe,-6.215833,54.6575,518
NDR,Nador International,Nador,Morocco,Africa,Northern Africa,-3.028333,34.988889,522
JAI,Jaipur International,Jaipur,India,Asia,Southern Asia,75.812222,26.824167,526
FNA,Lungi International,Freetown,Sierra Leone,Africa,Western Africa,-13.195556,8.616389,527
SID,Amílcar Cabral International,Sal,Cape Verde,Africa,Western Africa,-22.949444,16.741389,528
KGS,Kos Island International,Kos,Greece,Europe,Southern Europe,27.091667,36.793333,533
JRO,Kilimanjaro International,Mount Kilimanjaro,Tanzania,Africa,Eastern Africa,37.074444,-3.429444,535
NSI,Yaoundé Nsimalen International,Yaoundé,Cameroon,Africa,Central Africa,11.553333,3.7225,538
FIH,N djili,Kinshasa,Democratic Republic of the Congo,Africa,Central Africa,15.444444,-4.385833,539
SNN,Shannon,"Shannon, County Clare",Ireland,Europe,Northern Europe,-8.924722,52.701944,541
PEW,Bacha Khan International,Peshawar,Pakistan,Asia,Southern Asia,71.514444,33.993889,544
OUD,Angads,Oujda,Morocco,Africa,Northern Africa,-1.923889,34.787222,545
FUE,Fuerteventura,Fuerteventura,Spain,Europe,Southern Europe,-13.863889,28.452778,551
ORK,Cork,Cork,Ireland,Europe,Northern Europe,-8.491111,51.841389,552
URC,Ürümqi Diwopu International,Ürümqi,China,Asia,Eastern Asia,87.474167,43.907222,556
ASR,Erkilet International,Kayseri,Turkey,Asia,Western Asia,35.495556,38.770278,558
COO,Cadjehoun,Cotonou,Benin,Africa,Western Africa,2.384444,6.357222,564
SXB,Strasbourg,Strasbourg,France,Europe,Western Europe,7.634444,48.541944,565
KAN,Mallam Aminu Kano International,Kano,Nigeria,Africa,Western Africa,8.524722,12.0475,568
EMA,East Midlands,Nottingham,United Kingdom,Europe,Northern Europe,-1.328056,52.831111,570
VAN,Van Ferit Melen,Van,Turkey,Asia,Western Asia,43.332222,38.468333,572
SCV,Suceava International,Suceava,Romania,Europe,Eastern Europe,26.354167,47.6875,573
SLL,Salalah,Salalah,Oman,Asia,Western Asia,54.091389,17.038611,574
DJE,Djerba–Zarzis International,Djerba,Tunisia,Africa,Northern Africa,10.775556,33.875,579
OVD,Asturias,Asturias,Spain,Europe,Southern Europe,-6.034722,43.563611,581
OUA,Ouagadougou,Ouagadougou,Burkina Faso,Africa,Western Africa,-1.5125,12.353333,586
SUF,Lamezia Terme International,Lamezia Terme,Italy,Europe,Southern Europe,16.241667,38.908333,588
NAV,Nevşehir Kapadokya,Nevşehir,Turkey,Asia,Western Asia,34.534444,38.771944,589
MYD,Malindi,Malindi,Kenya,Africa,Eastern Africa,40.101667,-3.229167,590
DYU,Dushanbe International,Dushanbe,Tajikistan,Asia,Central Asia,68.825,38.543333,592
MIR,Monastir Habib Bourguiba International,Monastir,Tunisia,Africa,Northern Africa,10.754722,35.758056,598
KDU,Skardu,Skardu,Unknown Region,Asia,Southern Asia,75.546389,35.333056,603
GHV,Brașov-Ghimbav International Airport,Brasov,Romania,Europe,Eastern Europe,25.52,45.701667,610
LDE,Tarbes–Lourdes–Pyrénées,Lourdes,France,Europe,Western Europe,-0.002778,43.185556,612
FKB,Karlsruhe/Baden-Baden,Karlsruhe,Germany,Europe,Central Europe,8.080556,48.779444,613
BJM,Bujumbura International,Bujumbura,Burundi,Africa,Eastern Africa,29.318611,-3.323889,619
IDR,Devi Ahilya Bai Holkar,Indore,India,Asia,Southern Asia,75.801111,22.721667,629
IXC,Chandigarh International,Chandigarh,India,Asia,Southern Asia,76.788611,30.673333,641
ASW,Aswan International,Aswan,Egypt,Africa,Northern Africa,32.82,23.964444,643
MJI,Mitiga International,Tripoli,Libya,Africa,Northern Africa,13.289722,32.893333,648
MMX,Malmö,Malmö,Sweden,Europe,Northern Europe,13.375,55.5425,649
LCY,London City,London,United Kingdom,Europe,Northern Europe,0.054167,51.505,650
ZTH,Zakynthos International,Zakynthos Island,Greece,Europe,Southern Europe,20.884167,37.750833,652
XRY,Jerez,Jerez de la Frontera,Spain,Europe,Southern Europe,-6.06,36.744722,658
LAU,Manda,Lamu,Kenya,Africa,Eastern Africa,40.913056,-2.2525,659
LYP,Faisalabad International,Faisalabad District,Pakistan,Asia,Southern Asia,72.994722,31.365,661
KRT,Khartoum International,Khartoum,Sudan,Africa,Northern Africa,32.553056,15.589444,671
PHC,Port Harcourt International,Port Harcourt,Nigeria,Africa,Western Africa,6.949722,5.015556,673
KSC,Košice International,Košice,Slovakia,Europe,Central Europe,21.241111,48.663056,675
HSR,Rajkot International Airport,Rajkot,India,Asia,Southern Asia,71.028333,22.388056,677
STV,Surat,Surat,India,Asia,Southern Asia,72.741667,21.114167,681
TRD,"Trondheim Airport, Værnes",Trondheim,Norway,Europe,Northern Europe,10.924167,63.4575,682
RMF,Marsa Alam International,Marsa Alam,Egypt,Africa,Northern Africa,34.583611,25.557222,683
TRS,Trieste – Friuli Venezia Giulia,Trieste,Italy,Europe,Southern Europe,13.472222,45.8275,684
EAS,San Sebastián,Donostia / San Sebastián,Spain,Europe,Southern Europe,-1.790556,43.356389,686
BOO,Bodø,Bodø,Norway,Europe,Northern Europe,14.365278,67.269167,690
PZU,Port Sudan New International,Port,Sudan,Africa,Northern Africa,37.234167,19.433611,695
BDS,Brindisi,Brindisi,Italy,Europe,Southern Europe,17.948056,40.660556,696
VIL,Dakhla,Dakhla,Unknown Region,Africa,Northern Africa,-15.931944,23.718333,697
SZG,Salzburg,Salzburg,Austria,Europe,Central Europe,13.004444,47.793333,699
KMS,Kumasi,Kumasi,Ghana,Africa,Western Africa,-1.590833,6.714444,700
PSR,Abruzzo,Pescara,Italy,Europe,Southern Europe,14.186667,42.431667,702
NDJ,N Djamena International,N Djamena,Chad,Africa,Central Africa,15.033889,12.133611,705
ELQ,Prince Nayef bin Abdulaziz Regional,Al-Qassim Region,Saudi Arabia,Asia,Western Asia,43.773889,26.302778,712
IKA,Tehran Imam Khomeini International,Tehran,Iran,Asia,Southern Asia,51.152222,35.416111,714
BGF,Bangui M Poko International,Bangui,Central African Republic,Africa,Central Africa,18.52,4.397778,722
GRO,Girona–Costa Brava,Girona,Spain,Europe,Southern Europe,2.760556,41.900833,724
ASB,Ashgabat International,Ashgabat,Turkmenistan,Asia,Central Asia,58.360833,37.986944,725
LLA,Luleå,Luleå,Sweden,Europe,Northern Europe,22.121944,65.543889,727
MGQ,Aden Adde International,Mogadishu,Somalia,Africa,Eastern Africa,45.305,2.014722,732
AHO,Alghero-Fertilia,Alghero,Italy,Europe,Southern Europe,8.289722,40.630278,734
LFW,Lomé–Tokoin International,Lomé,Togo,Africa,Western Africa,1.254444,6.165556,738
WIL,Wilson,Nairobi,Kenya,Africa,Eastern Africa,36.814722,-1.321667,747
DED,Dehradun,Dehradun,India,Asia,Southern Asia,78.180278,30.189722,748
MLH,Mulhouse/Basel EuroAirport French FR,Basel,Switzerland,Europe,Central Europe,7.529167,47.600833,749
ENU,Akanu Ibiam International,Enugu,Nigeria,Africa,Western Africa,7.561944,6.474167,752
SKD,Samarkand International,Samarkand,Uzbekistan,Asia,Central Asia,66.984722,39.700556,755
TIF,Ta if Regional,Ta if,Saudi Arabia,Asia,Western Asia,40.544444,21.483333,757
UDR,Maharana Pratap,Udaipur,India,Asia,Southern Asia,73.896111,24.617778,759
SDR,Santander,Santander,Spain,Europe,Southern Europe,-3.82,43.426944,762
BRE,Bremen,Bremen,Germany,Europe,Central Europe,8.786667,53.0475,763
LEI,Almería,Almería,Spain,Europe,Southern Europe,-2.37,36.843889,764
KYA,Konya,Konya,Turkey,Asia,Western Asia,32.561944,37.978889,769
NIM,Diori Hamani International,Niamey,Niger,Africa,Western Africa,2.176667,13.481111,772
AOI,Marche Airport,Ancona,Italy,Europe,Southern Europe,13.360278,43.616667,773
UET,Quetta International,Quetta,Pakistan,Asia,Southern Asia,66.937778,30.251389,778
MWZ,Mwanza,Mwanza,Tanzania,Africa,Eastern Africa,32.932778,-2.444444,780
TTU,Sania Ramel,Tétouan,Morocco,Africa,Northern Africa,-5.328056,35.59,788
CZL,Mohamed Boudiaf International,Constantine,Algeria,Africa,Northern Africa,6.620278,36.276111,789
SXR,Srinagar International,Srinagar,India,Asia,Southern Asia,74.774167,33.987222,791
CRA,Craiova International,Craiova,Romania,Europe,Eastern Europe,23.888611,44.318056,796
PVK,Aktion National,Preveza,Greece,Europe,Southern Europe,20.765278,38.925556,807
ESU,Essaouira-Mogador,Essaouira,Morocco,Africa,Northern Africa,-9.681667,31.3975,808
JIB,Djibouti–Ambouli International,Balbala,Djibouti,Africa,Eastern Africa,43.159444,11.547222,812
EDL,Eldoret International,Eldoret,Kenya,Africa,Eastern Africa,35.238889,0.404722,813
KRN,Kiruna,Kiruna,Sweden,Europe,Northern Europe,20.336667,67.821944,815
OSS,Osh,Osh,Kyrgyzstan,Asia,Central Asia,72.793333,40.608889,820
PLQ,Palanga International,Palanga,Lithuania,Europe,Northern Europe,21.093889,55.973333,822
AIP,Adampur,Jalandhar,India,Asia,Southern Asia,75.760556,31.433056,823
HAS,Ha il Regional,Ha il,Saudi Arabia,Asia,Western Asia,41.686389,27.438056,825
CWL,Cardiff,Cardiff,United Kingdom,Europe,Northern Europe,-3.343333,51.396667,832
RTM,Rotterdam The Hague,Rotterdam,Netherlands,Europe,Western Europe,4.430833,51.953056,835
LIL,Lille,Lille,France,Europe,Western Europe,3.086944,50.563333,839
MPL,Montpellier–Méditerranée,Montpellier,France,Europe,Western Europe,3.961389,43.583333,842
NJF,Al Najaf International,Najaf,Iraq,Asia,Western Asia,44.404167,31.989722,848
TKU,Turku,Turku,Finland,Europe,Northern Europe,22.262778,60.514167,853
AKR,Akure,Akure,Nigeria,Africa,Western Africa,5.3,7.25,860
PAS,Paros National,Parikia,Greece,Europe,Southern Europe,25.128611,37.010278,861
LCG,A Coruña,A Coruña,Spain,Europe,Southern Europe,-8.377222,43.302222,864
AQJ,King Hussein International,Aqaba,Jordan,Asia,Western Asia,35.018056,29.611667,869
DHM,Dharamsala airport,Dharamshala,India,Asia,Southern Asia,76.260556,32.165278,870
JNX,Naxos Island National,Naxos,Greece,Europe,Southern Europe,25.368611,37.082222,872
EVE,"Harstad/Narvik Airport, Evenes",Narvik,Norway,Europe,Northern Europe,16.678056,68.491389,873
HOF,Al-Ahsa International,Hofuf,Saudi Arabia,Asia,Western Asia,49.485278,25.285278,874
AJF,Al-Jawf Domestic,Al Jawf Region,Saudi Arabia,Asia,Western Asia,40.1,29.785,875
AES,"Ålesund Airport, Vigra",Ålesund,Norway,Europe,Northern Europe,6.110278,62.560278,876
SZF,Samsun-Çarşamba,Samsun,Turkey,Asia,Western Asia,36.567222,41.254444,879
BHR,Bharatpur,Bharatpur,Nepal,Asia,Southern Asia,84.428056,27.678056,882
OMR,Oradea International,Oradea,Romania,Europe,Eastern Europe,21.9025,47.025278,883
UME,Umeå,Umeå,Sweden,Europe,Northern Europe,20.282778,63.791944,885
LEJ,Leipzig/Halle Airport,Leipzig,Germany,Europe,Central Europe,12.241667,51.4325,890
AAL,Aalborg,Aalborg,Denmark,Europe,Northern Europe,9.849167,57.092778,891
GZP,Gazipaşa,Gazipaşa,Turkey,Asia,Western Asia,32.290278,36.298056,894
HGA,Hargeisa,Hargeisa,Somalia,Africa,Eastern Africa,44.083889,9.513889,896
VXE,Cesária Évora,São Vicente,Cape Verde,Africa,Western Africa,-25.054722,16.833611,897
ILR,Ilorin International,Ilorin,Nigeria,Africa,Western Africa,4.493889,8.440278,902
ASM,Asmara International,Asmara,Eritrea,Africa,Eastern Africa,38.910556,15.291944,907
INN,Innsbruck,Innsbruck,Austria,Europe,Central Europe,11.343889,47.260278,912
CIY,Comiso,Comiso,Italy,Europe,Southern Europe,14.606944,36.994722,914
SOU,Southampton,Southampton,United Kingdom,Europe,Northern Europe,-1.356667,50.950278,915
UGC,Urgench International,Urgench,Uzbekistan,Asia,Central Asia,60.641667,41.584167,919
ATZ,Assiut,Asyut,Egypt,Africa,Northern Africa,31.011944,27.046389,925
TZL,Tuzla International,Tuzla,Bosnia & Herzegovina,Europe,Southern Europe,18.725556,44.458611,926
ADE,Aden International Airport,Aden,Yemen,Asia,Western Asia,45.028801,12.8295,931
DSE,Combolcha,Dessie,Ethiopia,Africa,Eastern Africa,39.716667,11.083333,935
LBV,Libreville International,Libreville,Gabon,Africa,Central Africa,9.412222,0.458611,936
GIL,Gilgit,Gilgit,Unknown Region,Asia,Southern Asia,74.333611,35.918889,939
CIT,Shymkent International,Shymkent,Kazakhstan,Asia,Central Asia,69.478889,42.364167,940
NQY,Cornwall Airport Newquay,Newquay,United Kingdom,Europe,Northern Europe,-5.001667,50.443333,941
IBA,Ibadan,Ibadan,Nigeria,Africa,Western Africa,3.978333,7.3625,944
BHO,Raja Bhoj,Bhopal,India,Asia,Southern Asia,77.3375,23.2875,946
BSR,Basra International,Basra,Iraq,Asia,Western Asia,47.662222,30.549167,950
INI,Niš Constantine the Great,Niš,Serbia,Europe,Southern Europe,21.853611,43.337222,951
OZZ,Ouarzazate,Ouarzazate,Morocco,Africa,Northern Africa,-6.909444,30.939167,952
BHD,George Best Belfast City,Belfast,United Kingdom,Europe,Northern Europe,-5.8725,54.618056,953
BNI,Benin,Benin City,Nigeria,Africa,Western Africa,5.599444,6.316944,954
BIQ,Biarritz Pays Basque,Biarritz,France,Europe,Western Europe,-1.531111,43.468333,957
FAE,Vágar,Sørvágur,Faroe Islands,Europe,Northern Europe,-7.293056,62.066389,960
BEN,Benina International,Benghazi,Libya,Africa,Northern Africa,20.269444,32.096667,963
ABZ,Aberdeen,Aberdeen,United Kingdom,Europe,Northern Europe,-2.200278,57.204167,966
INV,Inverness,Inverness,United Kingdom,Europe,Northern Europe,-4.05,57.54,967
AJA,Ajaccio Napoleon Bonaparte,Ajaccio,France,Europe,Western Europe,8.8025,41.923889,970
AAR,Aarhus,Aarhus,Denmark,Europe,Northern Europe,10.619444,56.303889,971
SBZ,Sibiu International,Sibiu,Romania,Europe,Eastern Europe,24.091389,45.785556,976
SVJ,"Svolvær Airport, Helle",Svolvær,Norway,Europe,Northern Europe,14.669444,68.243889,978
TGM,Târgu Mureș International,Târgu Mureș,Romania,Europe,Eastern Europe,24.4125,46.467778,979
SEN,London Southend,London,United Kingdom,Europe,Northern Europe,0.695556,51.571389,981
LYR,"Svalbard Airport, Longyear",Longyearbyen,Svalbard & Jan Mayen,Europe,Northern Europe,15.465556,78.246111,983
RMI,Federico Fellini International,Rimini,Italy,Europe,Southern Europe,12.609444,44.019444,984
IOM,Isle of Man,Douglas,Isle of Man,Europe,Northern Europe,-4.624167,54.083333,986
BNX,Banja Luka International,Banja Luka,Bosnia & Herzegovina,Europe,Southern Europe,17.2975,44.941389,987
SPC,La Palma,Santa Cruz de La Palma,Spain,Europe,Southern Europe,-17.755556,28.626389,988
QSR,Salerno / Pontecagnano Airport,Salerno,Italy,Europe,Southern Europe,14.9113,40.620399,989
BWA,Gautam Buddha,Siddharthanagar,Nepal,Asia,Southern Asia,83.416389,27.505833,993
ZAZ,Zaragoza,Zaragoza,Spain,Europe,Southern Europe,-1.041667,41.666111,994
OMO,Mostar,Mostar,Bosnia & Herzegovina,Europe,Southern Europe,17.845833,43.282778,996
MJT,Mytilene International,Mytilene,Greece,Europe,Southern Europe,26.602222,39.053333,1004
REU,Reus,Reus,Spain,Europe,Southern Europe,1.167222,41.1475,1005
EUN,Hassan I,Laayoune,Unknown Region,Africa,Northern Africa,-13.219167,27.151667,1011
ABB,Asaba International,Asaba,Nigeria,Africa,Western Africa,6.667222,6.203056,1012
PIK,Glasgow Prestwick,Glasgow,United Kingdom,Europe,Northern Europe,-4.586667,55.509444,1016
ERH,Moulay Ali Cherif,Errachidia,Morocco,Africa,Northern Africa,-4.398889,31.946944,1020
JUB,Juba International,Juba,South Sudan,Africa,Eastern Africa,31.601111,4.871944,1021
NBE,Enfidha–Hammamet International,Enfidha,Tunisia,Africa,Northern Africa,10.438333,36.075556,1025
GOH,Nuuk,Nuuk,Greenland,North America,Northern America,-51.678056,64.190833,1027
GNY,Sanliurfa,Şanlıurfa,Turkey,Asia,Western Asia,38.898752,37.447658,1029
PEG,San Francesco d Assisi,Perugia,Italy,Europe,Southern Europe,12.510278,43.097222,1031
DRS,Dresden,Dresden,Germany,Europe,Central Europe,13.768056,51.134444,1037
OUL,Oulu,Oulu,Finland,Europe,Northern Europe,25.354444,64.93,1043
GOP,Mahayogi Gorakhnath,Gorakhpur,India,Asia,Southern Asia,83.45,26.741111,1044
TPS,Vincenzo Florio Airport Trapani–Birgi,Trapani,Italy,Europe,Southern Europe,12.494167,37.9075,1048
BHH,Bisha Domestic,Bisha,Saudi Arabia,Asia,Western Asia,42.620833,19.984444,1050
ABT,Al-Baha Domestic,Al Bahah,Saudi Arabia,Asia,Western Asia,41.634167,20.296111,1054
KIR,Kerry,County Kerry,Ireland,Europe,Northern Europe,-9.523889,52.180833,1057
FMO,Münster Osnabrück International,Münster,Germany,Europe,Central Europe,7.684722,52.134722,1058
OXB,Osvaldo Vieira International,Bissau,Guinea-Bissau,Africa,Western Africa,-15.653611,11.894722,1061
SMI,Samos International,Samos,Greece,Europe,Southern Europe,26.911667,37.69,1064
KRS,"Kristiansand Airport, Kjevik",Kristiansand,Norway,Europe,Northern Europe,8.085278,58.204167,1067
DIY,Diyarbakır,Diyarbakır,Turkey,Asia,Western Asia,40.201111,37.893889,1068
SCO,Aktau,Aktau,Kazakhstan,Asia,Central Asia,51.091944,43.86,1076
MQM,Mardin,Mardin,Turkey,Asia,Western Asia,40.631667,37.223333,1079
IXU,Aurangabad,Aurangabad,India,Asia,Southern Asia,75.398056,19.862778,1080
RMU,Región de Murcia,Murcia,Spain,Europe,Southern Europe,-1.1279,37.8062,1082
EFL,Kephalonia International,Cephalonia,Greece,Europe,Southern Europe,20.500556,38.12,1086
MZR,Mazar-i-Sharif International,Mazar-i-Sharif,Afghanistan,Asia,Southern Asia,67.209444,36.706944,1088
LUZ,Lublin,Lublin,Poland,Europe,Central Europe,22.690556,51.231389,1101
AQI,Al Qaisumah/Hafr Al Batin,Qaisumah,Saudi Arabia,Asia,Western Asia,46.125,28.335278,1103
BOH,Bournemouth,Bournemouth,United Kingdom,Europe,Northern Europe,-1.8425,50.78,1105
NKT,Şırnak,Şırnak,Turkey,Asia,Western Asia,42.061944,37.363611,1111
JSI,Skiathos Island National,Skiathos,Greece,Europe,Southern Europe,23.503611,39.177222,1112
YNB,Yanbu,Yanbu,Saudi Arabia,Asia,Western Asia,38.063333,24.144167,1113
KLX,Kalamata International,Kalamata,Greece,Europe,Southern Europe,22.025556,37.068333,1115
KHS,Khasab,Khasab,Oman,Asia,Western Asia,56.240556,26.171111,1117
REG,Reggio Calabria,Reggio Calabria,Italy,Europe,Southern Europe,15.653611,38.071944,1118
BZG,Bydgoszcz Ignacy Jan Paderewski,Bydgoszcz,Poland,Europe,Central Europe,17.977778,53.096667,1121
PXO,Porto Santo,Vila Baleira,Portugal,Europe,Southern Europe,-16.349722,33.070833,1122
EDO,Balıkesir Koca Seyit,Edremit,Turkey,Asia,Western Asia,27.013889,39.554722,1124
URA,Oral Ak Zhol,Oral,Kazakhstan,Asia,Central Asia,51.541667,51.151111,1127
IXL,Kushok Bakula Rimpochee,Leh,Unknown Region,Asia,Southern Asia,77.546389,34.135833,1132
NYO,Stockholm Skavsta,Stockholm,Sweden,Europe,Northern Europe,16.912222,58.788611,1135
JER,Jersey,Saint Helier,Jersey,Europe,Northern Europe,-2.195278,49.207778,1137
PDV,Plovdiv,Plovdiv,Bulgaria,Europe,Eastern Europe,24.850833,42.067778,1138
URY,Gurayat Domestic,Qurayyat,Saudi Arabia,Asia,Western Asia,37.279444,31.411944,1140
KVA,Kavala International,Kavala,Greece,Europe,Southern Europe,24.619167,40.913333,1141
HTY,Hatay,Hatay Province,Turkey,Asia,Western Asia,36.284722,36.359722,1145
KHG,Kashi,Kashgar,China,Asia,Eastern Asia,76.02,39.5425,1152
SFT,Skellefteå,Skellefteå,Sweden,Europe,Northern Europe,21.076944,64.624722,1156
LKN,Leknes,Leknes,Norway,Europe,Northern Europe,13.611944,68.154444,1160
EXT,Exeter,Exeter,United Kingdom,Europe,Northern Europe,-3.413889,50.734444,1161
DEB,Debrecen International,Debrecen,Hungary,Europe,Central Europe,21.615278,47.488889,1165
HAU,"Haugesund Airport, Karmøy",Haugesund,Norway,Europe,Northern Europe,5.208333,59.345278,1169
YYG,Charlottetown,Charlottetown,Canada,North America,Northern America,-63.125556,46.289167,1170
MLO,Milos Island National,"Plaka, Milos",Greece,Europe,Southern Europe,24.472778,36.696667,1171
RZV,Rize–Artvin Airport,Rize,Turkey,Asia,Western Asia,40.828889,41.169167,1174
IXD,Allahabad,Allahabad,India,Asia,Southern Asia,81.733889,25.44,1178
PNL,Pantelleria,Pantelleria,Italy,Europe,Southern Europe,11.968056,36.815,1183
PUY,Pula,Pula,Croatia,Europe,Southern Europe,13.922222,44.893611,1184
IXJ,Jammu,Jammu,Unknown Region,Asia,Southern Asia,74.8375,32.689167,1187
GRZ,Graz,Graz,Austria,Europe,Central Europe,15.44,46.993611,1189
KDH,Kandahar International,Kandahar,Afghanistan,Asia,Southern Asia,65.847778,31.505556,1192
ALF,Alta,Alta,Norway,Europe,Northern Europe,23.371667,69.976111,1197
TAT,Poprad–Tatry,Poprad,Slovakia,Europe,Central Europe,20.241111,49.073611,1198
HBE,Alexandria International Airport,Alexandria,Egypt,Africa,Northern Africa,29.696389,30.917778,1200
CRV,Crotone Airport,Crotone,Italy,Europe,Southern Europe,17.0802,38.9972,1206
QOW,Sam Mbakwe,Owerri,Nigeria,Africa,Western Africa,7.206111,5.426944,1208
BHJ,Bhuj,Bhuj,India,Asia,Southern Asia,69.670278,23.287778,1210
JDH,Jodhpur,Jodhpur,India,Asia,Southern Asia,73.048889,26.251111,1211
KTT,Kittilä,Kittilä,Finland,Europe,Northern Europe,24.846944,67.701111,1212
CDT,Castellón–Costa Azahar,Castellón de la Plana,Spain,Europe,Southern Europe,0.073333,40.214167,1217
BJA,Abane Ramdane,Béjaïa,Algeria,Africa,Northern Africa,5.07,36.711944,1220
MOL,"Molde Airport, Årø",Molde,Norway,Europe,Northern Europe,7.2625,62.744722,1221
AEY,Akureyri,Akureyri,Iceland,Europe,Northern Europe,-18.072222,65.658611,1222
NOC,Ireland West Airport Knock,"Knock, County Mayo",Ireland,Europe,Northern Europe,-8.818611,53.910278,1223
BZV,Maya-Maya,Brazzaville,Republic of the Congo,Africa,Central Africa,15.253056,-4.251667,1224
QRW,Warri,Warri,Nigeria,Africa,Western Africa,5.820278,5.598889,1229
SEU,Seronera Airstrip,Seronera,Tanzania,Africa,Eastern Africa,34.821944,-2.457222,1230
GCI,Guernsey,Saint Peter Port,Guernsey,Europe,Northern Europe,-2.601944,49.434722,1231
TER,Lajes Field,Terceira Island,Portugal,Europe,Southern Europe,-27.090833,38.761944,1233
LBC,Lubeck Blankensee Airport,Lubeck,Germany,Europe,Central Europe,10.7192,53.805401,1234
OHD,Ohrid St. Paul the Apostle,Ohrid,Republic of North Macedonia,Europe,Southern Europe,20.742222,41.18,1235
AXD,Alexandroupolis International,Alexandroupoli,Greece,Europe,Southern Europe,25.956389,40.855833,1242
CND,Mihail Kogălniceanu International,Constanța,Romania,Europe,Eastern Europe,28.488333,44.362222,1244
JGA,Jamnagar,Jamnagar,India,Asia,Southern Asia,70.0125,22.465556,1246
SSG,Malabo International,Malabo,Equatorial Guinea,Africa,Central Africa,8.708611,3.755278,1247
YFB,Iqaluit,Iqaluit,Canada,North America,Northern America,-68.555833,63.756389,1249
FSP,Saint-Pierre,Saint-Pierre,St. Pierre & Miquelon,North America,Northern America,-56.174444,46.763333,1250
JKH,Chios Island National,Chios,Greece,Europe,Southern Europe,26.140556,38.343056,1262
DNZ,Denizli Çardak,Denizli,Turkey,Asia,Western Asia,29.701389,37.785556,1263
SZZ,Solidarity Szczecin–Goleniów,Szczecin,Poland,Europe,Central Europe,14.902222,53.584722,1264
BIA,Bastia – Poretta,Bastia,France,Europe,Western Europe,9.484722,42.55,1266
AOE,Anadolu,Eskişehir,Turkey,Asia,Western Asia,30.516944,39.81,1267
RJK,Rijeka,Rijeka,Croatia,Europe,Southern Europe,14.570278,45.216944,1269
BRQ,Brno–Tuřany,Brno,Czechia,Europe,Central Europe,16.694444,49.151389,1271
KEP,Nepalgunj,Nepalgunj,Nepal,Asia,Southern Asia,81.666944,28.103611,1276
DPS,Ngurah Rai International,Denpasar,Indonesia,Asia,South-Eastern Asia,115.167222,-8.748056,27
CGK,Soekarno–Hatta International,Jakarta,Indonesia,Asia,South-Eastern Asia,106.655833,-6.125556,85
LOP,Lombok International,"Praya, Lombok",Indonesia,Asia,South-Eastern Asia,116.276667,-8.757222,404
SUB,Juanda International,Surabaya,Indonesia,Asia,South-Eastern Asia,112.786944,-7.379722,423
LBJ,Komodo,Labuan Bajo,Indonesia,Asia,South-Eastern Asia,119.889167,-8.486667,452
YIA,Yogyakarta International Airport,Yogyakarta,Indonesia,Asia,South-Eastern Asia,110.05448,-7.907459,549
UPG,Sultan Hasanuddin International,Makassar,Indonesia,Asia,South-Eastern Asia,119.554167,-5.061667,830
SRG,Ahmad Yani International,Semarang,Indonesia,Asia,South-Eastern Asia,110.374167,-6.971389,930
PKN,Iskandar,Pangkalan Bun,Indonesia,Asia,South-Eastern Asia,111.673333,-2.705278,948
BDO,Husein Sastranegara International,Bandung,Indonesia,Asia,South-Eastern Asia,107.576389,-6.900556,1125
BPN,Sultan Aji Muhammad Sulaiman,Balikpapan,Indonesia,Asia,South-Eastern Asia,116.894444,-1.268333,1166
HLP,Halim Perdanakusuma International,Jakarta,Indonesia,Asia,South-Eastern Asia,106.891111,-6.266667,1256
PLW,Mutiara SIS Al-Jufrie,Palu,Indonesia,Asia,South-Eastern Asia,119.909722,-0.918611,1273
SWQ,Sultan Muhammad Kaharuddin III,Sumbawa Besar,Indonesia,Asia,South-Eastern Asia,117.411389,-8.488056,1334
KOE,El Tari International,Kupang,Indonesia,Asia,South-Eastern Asia,123.671111,-10.171667,1352
AAP,APT Pranoto Airport,Samarinda,Indonesia,Asia,South-Eastern Asia,117.255556,-0.373611,1362
SOC,Adisumarmo International,Surakarta,Indonesia,Asia,South-Eastern Asia,110.756944,-7.516111,1392
BMU,Sultan Muhammad Salahudin,Bima,Indonesia,Asia,South-Eastern Asia,118.687222,-8.539722,1474
JOG,Adisutjipto International,Yogyakarta,Indonesia,Asia,South-Eastern Asia,110.431667,-7.788056,1477
PKY,Tjilik Riwut,Palangka Raya,Indonesia,Asia,South-Eastern Asia,113.942778,-2.225,1587
KSR,Haji Aroeppala,Selayar Regency,Indonesia,Asia,South-Eastern Asia,120.43866,-6.180135,1639
KDI,Haluoleo,Kendari,Indonesia,Asia,South-Eastern Asia,122.418333,-4.081667,1787
MLG,Abdul Rachman Saleh,Malang,Indonesia,Asia,South-Eastern Asia,112.714444,-7.926667,1825
TMC,Tambolaka,Tambolaka,Indonesia,Asia,South-Eastern Asia,119.244444,-9.409722,2014
BWX,Blimbingsari,Banyuwangi,Indonesia,Asia,South-Eastern Asia,114.34,-8.310278,2048
JBB,Notohadinegoro,Jember Regency,Indonesia,Asia,South-Eastern Asia,113.694444,-8.242222,2048
BDJ,Syamsudin Noor International,Banjarmasin,Indonesia,Asia,South-Eastern Asia,114.7625,-3.442222,2048
BTW,Batu Licin,Batulicin,Indonesia,Asia,South-Eastern Asia,116.0,-3.45,2048
KWB,Dewadaru Airport,Karimunjawa,Indonesia,Asia,South-Eastern Asia,110.478611,-5.801111,2048
KBU,Gusti Syamsir Alam,Kotabaru Regency,Indonesia,Asia,South-Eastern Asia,116.164722,-3.296111,2048
WGP,Umbu Mehang Kunda,Waingapu,Indonesia,Asia,South-Eastern Asia,120.301944,-9.669167,2048
RTG,Frans Sales Lega,Ruteng,Indonesia,Asia,South-Eastern Asia,120.478056,-8.596111,2048
BJW,Turelelo Soa,Bajawa,Indonesia,Asia,South-Eastern Asia,121.057778,-8.707778,2048
SMQ,H. Asan,Sampit,Indonesia,Asia,South-Eastern Asia,112.975,-2.499167,2048
ENE,H. Hasan Aroeboesman,Ende,Indonesia,Asia,South-Eastern Asia,121.660556,-8.849167,2048
KJT,Kertajati International,Kertajati,Indonesia,Asia,South-Eastern Asia,108.191111,-6.669167,2048
MJU,Tampa Padang,Mamuju Regency,Indonesia,Asia,South-Eastern Asia,119.027778,-2.588333,2048
SAU,Sawu Airport,Sawu-Sawu Island,Indonesia,Asia,South-Eastern Asia,121.900002,-10.4833,2048
MOF,Frans Xavier Seda,Maumere,Indonesia,Asia,South-Eastern Asia,122.236944,-8.640556,2048
LLO,Palopo Lagaligo,Palopo,Indonesia,Asia,South-Eastern Asia,120.245,-3.0825,2048
LKA,Gewayantana,Larantuka,Indonesia,Asia,South-Eastern Asia,123.000556,-8.274167,2048
BUW,Baubau,Bau-Bau,Indonesia,Asia,South-Eastern Asia,122.568889,-5.4875,2048
KTG,Ketapang Rahadi Osman,Ketapang,Indonesia,Asia,South-Eastern Asia,109.963611,-1.816667,2048
RTI,Roti David C. Saudale,Rote Island,Indonesia,Asia,South-Eastern Asia,123.075278,-10.766944,2048
LWE,Wonopito,Lewoleba,Indonesia,Asia,South-Eastern Asia,123.438611,-8.361944,2048
JFK,John F. Kennedy International Airport,New York,United States,North America,NY,-73.7781,40.6413,1
